"survey_id","country_id","country","year","survey_name","age_group","hivst_use_prop","ci_lower","ci_upper","sex"
"BEN2017DHS","BEN","Benin","2017","DHS","15-19",0.65,0.37,1.15,0
"BEN2017DHS","BEN","Benin","2017","DHS","20-24",0.73,0.46,1.15,0
"BEN2017DHS","BEN","Benin","2017","DHS","25-29",0.54,0.35,0.85,0
"BEN2017DHS","BEN","Benin","2017","DHS","30-34",0.72,0.44,1.17,0
"BEN2017DHS","BEN","Benin","2017","DHS","35-39",0.4,0.19,0.86,0
"BEN2017DHS","BEN","Benin","2017","DHS","40-44",0.75,0.37,1.51,0
"BEN2017DHS","BEN","Benin","2017","DHS","45-49",0.48,0.23,1.03,0
"BEN2017DHS","BEN","Benin","2017","DHS","15-19",0.04,0.01,0.26,1
"BEN2017DHS","BEN","Benin","2017","DHS","20-24",0.17,0.04,0.68,1
"BEN2017DHS","BEN","Benin","2017","DHS","25-29",0.52,0.24,1.14,1
"BEN2017DHS","BEN","Benin","2017","DHS","30-34",1.27,0.69,2.33,1
"BEN2017DHS","BEN","Benin","2017","DHS","35-39",1.16,0.61,2.19,1
"BEN2017DHS","BEN","Benin","2017","DHS","40-44",0.39,0.08,1.88,1
"BEN2017DHS","BEN","Benin","2017","DHS","45-49",0.65,0.24,1.74,1
"BEN2017DHS","BEN","Benin","2017","DHS","50-54",0.56,0.16,1.89,1
"BEN2017DHS","BEN","Benin","2017","DHS","55-59",0,0,0,1
"BEN2017DHS","BEN","Benin","2017","DHS","60-64",0,0,0,1
"BWA2021BAIS","BWA","Botswana","2021","BAIS","15-19",1.27,0.58,2.76,0
"BWA2021BAIS","BWA","Botswana","2021","BAIS","20-24",4.32,2.87,6.45,0
"BWA2021BAIS","BWA","Botswana","2021","BAIS","25-29",4.37,3.04,6.24,0
"BWA2021BAIS","BWA","Botswana","2021","BAIS","30-34",3.3,2.24,4.84,0
"BWA2021BAIS","BWA","Botswana","2021","BAIS","35-39",1.69,0.97,2.95,0
"BWA2021BAIS","BWA","Botswana","2021","BAIS","40-44",1.93,1.01,3.68,0
"BWA2021BAIS","BWA","Botswana","2021","BAIS","45-49",0.98,0.48,1.97,0
"BWA2021BAIS","BWA","Botswana","2021","BAIS","50-54",0.31,0.07,1.27,0
"BWA2021BAIS","BWA","Botswana","2021","BAIS","55-59",1.23,0.22,6.64,0
"BWA2021BAIS","BWA","Botswana","2021","BAIS","60-64",0.79,0.26,2.41,0
"BWA2021BAIS","BWA","Botswana","2021","BAIS","15-19",0.37,0.14,0.96,1
"BWA2021BAIS","BWA","Botswana","2021","BAIS","20-24",2.39,1.35,4.19,1
"BWA2021BAIS","BWA","Botswana","2021","BAIS","25-29",1.53,0.81,2.88,1
"BWA2021BAIS","BWA","Botswana","2021","BAIS","30-34",3.12,1.66,5.77,1
"BWA2021BAIS","BWA","Botswana","2021","BAIS","35-39",2.53,1.54,4.13,1
"BWA2021BAIS","BWA","Botswana","2021","BAIS","40-44",2.21,1.13,4.29,1
"BWA2021BAIS","BWA","Botswana","2021","BAIS","45-49",2.52,1.29,4.87,1
"BWA2021BAIS","BWA","Botswana","2021","BAIS","50-54",1.48,0.55,3.93,1
"BWA2021BAIS","BWA","Botswana","2021","BAIS","55-59",0.76,0.18,3.18,1
"BWA2021BAIS","BWA","Botswana","2021","BAIS","60-64",0.57,0.08,4.13,1
"BFA2021DHS","BFA","Burkina Faso","2021","DHS","15-19",0.07,0.02,0.29,0
"BFA2021DHS","BFA","Burkina Faso","2021","DHS","20-24",0.29,0.13,0.62,0
"BFA2021DHS","BFA","Burkina Faso","2021","DHS","25-29",0.36,0.19,0.69,0
"BFA2021DHS","BFA","Burkina Faso","2021","DHS","30-34",0.29,0.14,0.59,0
"BFA2021DHS","BFA","Burkina Faso","2021","DHS","35-39",0.43,0.2,0.93,0
"BFA2021DHS","BFA","Burkina Faso","2021","DHS","40-44",0.13,0.04,0.41,0
"BFA2021DHS","BFA","Burkina Faso","2021","DHS","45-49",0.09,0.02,0.42,0
"BFA2021DHS","BFA","Burkina Faso","2021","DHS","15-19",0.15,0.03,0.8,1
"BFA2021DHS","BFA","Burkina Faso","2021","DHS","20-24",0.22,0.08,0.59,1
"BFA2021DHS","BFA","Burkina Faso","2021","DHS","25-29",0.62,0.24,1.59,1
"BFA2021DHS","BFA","Burkina Faso","2021","DHS","30-34",1.21,0.65,2.22,1
"BFA2021DHS","BFA","Burkina Faso","2021","DHS","35-39",0.79,0.34,1.84,1
"BFA2021DHS","BFA","Burkina Faso","2021","DHS","40-44",0.42,0.14,1.32,1
"BFA2021DHS","BFA","Burkina Faso","2021","DHS","45-49",0.61,0.25,1.48,1
"BFA2021DHS","BFA","Burkina Faso","2021","DHS","50-54",0.44,0.09,2.27,1
"BFA2021DHS","BFA","Burkina Faso","2021","DHS","55-59",0.29,0.04,2.02,1
"BDI2016DHS","BDI","Burundi","2016","DHS","15-19",0.11,0.04,0.33,0
"BDI2016DHS","BDI","Burundi","2016","DHS","20-24",0.38,0.17,0.84,0
"BDI2016DHS","BDI","Burundi","2016","DHS","25-29",0.42,0.22,0.78,0
"BDI2016DHS","BDI","Burundi","2016","DHS","30-34",0.26,0.12,0.57,0
"BDI2016DHS","BDI","Burundi","2016","DHS","35-39",0.31,0.07,1.27,0
"BDI2016DHS","BDI","Burundi","2016","DHS","40-44",0.09,0.02,0.34,0
"BDI2016DHS","BDI","Burundi","2016","DHS","45-49",0.08,0.01,0.59,0
"BDI2016DHS","BDI","Burundi","2016","DHS","15-19",0.01,0,0.08,1
"BDI2016DHS","BDI","Burundi","2016","DHS","20-24",0.39,0.15,1,1
"BDI2016DHS","BDI","Burundi","2016","DHS","25-29",0.66,0.25,1.75,1
"BDI2016DHS","BDI","Burundi","2016","DHS","30-34",0.84,0.39,1.81,1
"BDI2016DHS","BDI","Burundi","2016","DHS","35-39",0.26,0.08,0.82,1
"BDI2016DHS","BDI","Burundi","2016","DHS","40-44",0.24,0.07,0.81,1
"BDI2016DHS","BDI","Burundi","2016","DHS","45-49",1,0.42,2.36,1
"BDI2016DHS","BDI","Burundi","2016","DHS","50-54",0.06,0.01,0.42,1
"BDI2016DHS","BDI","Burundi","2016","DHS","55-59",0,0,0,1
"CMR2018DHS","CMR","Cameroon","2018","DHS","15-19",0.87,0.51,1.45,0
"CMR2018DHS","CMR","Cameroon","2018","DHS","20-24",1.88,1.32,2.67,0
"CMR2018DHS","CMR","Cameroon","2018","DHS","25-29",3.11,2.38,4.06,0
"CMR2018DHS","CMR","Cameroon","2018","DHS","30-34",3.31,2.52,4.33,0
"CMR2018DHS","CMR","Cameroon","2018","DHS","35-39",2.26,1.54,3.3,0
"CMR2018DHS","CMR","Cameroon","2018","DHS","40-44",2.21,1.49,3.27,0
"CMR2018DHS","CMR","Cameroon","2018","DHS","45-49",2.65,1.7,4.12,0
"CMR2018DHS","CMR","Cameroon","2018","DHS","50-54",1.3,0.38,4.3,0
"CMR2018DHS","CMR","Cameroon","2018","DHS","55-59",0.28,0.04,1.98,0
"CMR2018DHS","CMR","Cameroon","2018","DHS","60-64",0.45,0.06,3.16,0
"CMR2018DHS","CMR","Cameroon","2018","DHS","15-19",0.87,0.5,1.52,1
"CMR2018DHS","CMR","Cameroon","2018","DHS","20-24",3.36,2.13,5.24,1
"CMR2018DHS","CMR","Cameroon","2018","DHS","25-29",4.93,3.46,6.99,1
"CMR2018DHS","CMR","Cameroon","2018","DHS","30-34",2.56,1.66,3.94,1
"CMR2018DHS","CMR","Cameroon","2018","DHS","35-39",5.49,3.73,8.01,1
"CMR2018DHS","CMR","Cameroon","2018","DHS","40-44",5.5,3.48,8.57,1
"CMR2018DHS","CMR","Cameroon","2018","DHS","45-49",4.32,2.6,7.12,1
"CMR2018DHS","CMR","Cameroon","2018","DHS","50-54",4.09,2.22,7.44,1
"CMR2018DHS","CMR","Cameroon","2018","DHS","55-59",3.56,1.89,6.61,1
"CMR2018DHS","CMR","Cameroon","2018","DHS","60-64",1.93,0.7,5.21,1
"CAF2018MICS","CAF","Central African Republic","2018","MICS","15-19",1.91,1.25,2.9,0
"CAF2018MICS","CAF","Central African Republic","2018","MICS","20-24",3.94,2.91,5.31,0
"CAF2018MICS","CAF","Central African Republic","2018","MICS","25-29",4.59,3.51,5.98,0
"CAF2018MICS","CAF","Central African Republic","2018","MICS","30-34",5.67,4.25,7.52,0
"CAF2018MICS","CAF","Central African Republic","2018","MICS","35-39",4.57,3.41,6.11,0
"CAF2018MICS","CAF","Central African Republic","2018","MICS","40-44",3.51,2.28,5.36,0
"CAF2018MICS","CAF","Central African Republic","2018","MICS","45-49",3.67,2.3,5.8,0
"CAF2018MICS","CAF","Central African Republic","2018","MICS","15-19",0.88,0.39,1.96,1
"CAF2018MICS","CAF","Central African Republic","2018","MICS","20-24",5.68,3.54,9,1
"CAF2018MICS","CAF","Central African Republic","2018","MICS","25-29",7.34,4.66,11.37,1
"CAF2018MICS","CAF","Central African Republic","2018","MICS","30-34",5.72,3.8,8.52,1
"CAF2018MICS","CAF","Central African Republic","2018","MICS","35-39",6.36,3.9,10.22,1
"CAF2018MICS","CAF","Central African Republic","2018","MICS","40-44",5.87,3.57,9.5,1
"CAF2018MICS","CAF","Central African Republic","2018","MICS","45-49",5.2,2.95,9.04,1
"TCD2019MICS","TCD","Chad","2019","MICS","15-19",1.61,1.15,2.25,0
"TCD2019MICS","TCD","Chad","2019","MICS","20-24",2.44,1.83,3.26,0
"TCD2019MICS","TCD","Chad","2019","MICS","25-29",2.89,2.21,3.78,0
"TCD2019MICS","TCD","Chad","2019","MICS","30-34",2.83,2.11,3.78,0
"TCD2019MICS","TCD","Chad","2019","MICS","35-39",3.02,2.13,4.26,0
"TCD2019MICS","TCD","Chad","2019","MICS","40-44",3.34,2.36,4.72,0
"TCD2019MICS","TCD","Chad","2019","MICS","45-49",3.34,2.11,5.26,0
"TCD2019MICS","TCD","Chad","2019","MICS","15-19",1.25,0.73,2.15,1
"TCD2019MICS","TCD","Chad","2019","MICS","20-24",2.31,1.45,3.66,1
"TCD2019MICS","TCD","Chad","2019","MICS","25-29",2.14,1.27,3.61,1
"TCD2019MICS","TCD","Chad","2019","MICS","30-34",2.08,1.1,3.91,1
"TCD2019MICS","TCD","Chad","2019","MICS","35-39",2.51,1.47,4.27,1
"TCD2019MICS","TCD","Chad","2019","MICS","40-44",1.76,0.95,3.24,1
"TCD2019MICS","TCD","Chad","2019","MICS","45-49",3.46,1.94,6.09,1
"COM2022MICS","COM","Comoros","2022","MICS","15-19",2.31,1.44,3.7,0
"COM2022MICS","COM","Comoros","2022","MICS","20-24",3.65,2.54,5.23,0
"COM2022MICS","COM","Comoros","2022","MICS","25-29",4.2,2.87,6.11,0
"COM2022MICS","COM","Comoros","2022","MICS","30-34",5.94,4.25,8.25,0
"COM2022MICS","COM","Comoros","2022","MICS","35-39",6.15,4.33,8.68,0
"COM2022MICS","COM","Comoros","2022","MICS","40-44",4.49,3.02,6.63,0
"COM2022MICS","COM","Comoros","2022","MICS","45-49",2.09,1.09,3.96,0
"COM2022MICS","COM","Comoros","2022","MICS","15-19",4,2.28,6.93,1
"COM2022MICS","COM","Comoros","2022","MICS","20-24",8.31,5.41,12.55,1
"COM2022MICS","COM","Comoros","2022","MICS","25-29",6.48,3.78,10.89,1
"COM2022MICS","COM","Comoros","2022","MICS","30-34",8.18,5.46,12.08,1
"COM2022MICS","COM","Comoros","2022","MICS","35-39",8.01,5.44,11.65,1
"COM2022MICS","COM","Comoros","2022","MICS","40-44",5.13,2.87,9,1
"COM2022MICS","COM","Comoros","2022","MICS","45-49",6.48,3.26,12.45,1
"CIV2021DHS","CIV","Cote d'Ivoire","2021","DHS","15-19",0.47,0.22,0.98,0
"CIV2021DHS","CIV","Cote d'Ivoire","2021","DHS","20-24",0.6,0.34,1.03,0
"CIV2021DHS","CIV","Cote d'Ivoire","2021","DHS","25-29",1.29,0.83,1.99,0
"CIV2021DHS","CIV","Cote d'Ivoire","2021","DHS","30-34",1.74,1.14,2.65,0
"CIV2021DHS","CIV","Cote d'Ivoire","2021","DHS","35-39",1.58,0.92,2.7,0
"CIV2021DHS","CIV","Cote d'Ivoire","2021","DHS","40-44",1.16,0.58,2.32,0
"CIV2021DHS","CIV","Cote d'Ivoire","2021","DHS","45-49",0.95,0.44,2.04,0
"CIV2021DHS","CIV","Cote d'Ivoire","2021","DHS","15-19",0.31,0.11,0.86,1
"CIV2021DHS","CIV","Cote d'Ivoire","2021","DHS","20-24",0.94,0.35,2.54,1
"CIV2021DHS","CIV","Cote d'Ivoire","2021","DHS","25-29",1.38,0.54,3.52,1
"CIV2021DHS","CIV","Cote d'Ivoire","2021","DHS","30-34",1.62,0.78,3.34,1
"CIV2021DHS","CIV","Cote d'Ivoire","2021","DHS","35-39",1.86,0.87,3.94,1
"CIV2021DHS","CIV","Cote d'Ivoire","2021","DHS","40-44",2.2,0.94,5.08,1
"CIV2021DHS","CIV","Cote d'Ivoire","2021","DHS","45-49",1.37,0.49,3.72,1
"CIV2021DHS","CIV","Cote d'Ivoire","2021","DHS","50-54",0.18,0.04,0.86,1
"CIV2021DHS","CIV","Cote d'Ivoire","2021","DHS","55-59",0.89,0.22,3.56,1
"COD2017MICS","COD","Democratic Republic of the Congo","2017","MICS","15-19",0.69,0.38,1.25,0
"COD2017MICS","COD","Democratic Republic of the Congo","2017","MICS","20-24",1.98,1.18,3.29,0
"COD2017MICS","COD","Democratic Republic of the Congo","2017","MICS","25-29",2.02,1.15,3.51,0
"COD2017MICS","COD","Democratic Republic of the Congo","2017","MICS","30-34",2.6,1.72,3.91,0
"COD2017MICS","COD","Democratic Republic of the Congo","2017","MICS","35-39",1.34,0.66,2.7,0
"COD2017MICS","COD","Democratic Republic of the Congo","2017","MICS","40-44",2.21,1.23,3.96,0
"COD2017MICS","COD","Democratic Republic of the Congo","2017","MICS","45-49",1.62,0.67,3.88,0
"COD2017MICS","COD","Democratic Republic of the Congo","2017","MICS","15-19",1.82,0.88,3.7,1
"COD2017MICS","COD","Democratic Republic of the Congo","2017","MICS","20-24",2.65,0.85,7.96,1
"COD2017MICS","COD","Democratic Republic of the Congo","2017","MICS","25-29",3.84,1.9,7.63,1
"COD2017MICS","COD","Democratic Republic of the Congo","2017","MICS","30-34",3.66,1.79,7.32,1
"COD2017MICS","COD","Democratic Republic of the Congo","2017","MICS","35-39",2.42,1.13,5.14,1
"COD2017MICS","COD","Democratic Republic of the Congo","2017","MICS","40-44",4.29,1.82,9.77,1
"COD2017MICS","COD","Democratic Republic of the Congo","2017","MICS","45-49",8.03,3.79,16.21,1
"SWZ2021MICS","SWZ","Eswatini","2021","MICS","15-19",23.58,19.22,28.57,0
"SWZ2021MICS","SWZ","Eswatini","2021","MICS","20-24",41.54,35.92,47.39,0
"SWZ2021MICS","SWZ","Eswatini","2021","MICS","25-29",43.1,36.37,50.09,0
"SWZ2021MICS","SWZ","Eswatini","2021","MICS","30-34",30.88,24.75,37.77,0
"SWZ2021MICS","SWZ","Eswatini","2021","MICS","35-39",24.26,18.58,31.02,0
"SWZ2021MICS","SWZ","Eswatini","2021","MICS","40-44",26.78,20.31,34.42,0
"SWZ2021MICS","SWZ","Eswatini","2021","MICS","45-49",12.64,7.54,20.41,0
"SWZ2021MICS","SWZ","Eswatini","2021","MICS","15-19",10.78,7.96,14.44,1
"SWZ2021MICS","SWZ","Eswatini","2021","MICS","20-24",28.75,22.48,35.96,1
"SWZ2021MICS","SWZ","Eswatini","2021","MICS","25-29",33.41,25.94,41.82,1
"SWZ2021MICS","SWZ","Eswatini","2021","MICS","30-34",37.19,28.84,46.38,1
"SWZ2021MICS","SWZ","Eswatini","2021","MICS","35-39",30.94,22.67,40.64,1
"SWZ2021MICS","SWZ","Eswatini","2021","MICS","40-44",24.16,16.28,34.29,1
"SWZ2021MICS","SWZ","Eswatini","2021","MICS","45-49",19.39,10.62,32.74,1
"SWZ2021PHIA","SWZ","Eswatini","2021","PHIA","15-19",25.11,21.96,28.55,0
"SWZ2021PHIA","SWZ","Eswatini","2021","PHIA","20-24",36.84,32.91,40.94,0
"SWZ2021PHIA","SWZ","Eswatini","2021","PHIA","25-29",30.46,26.81,34.36,0
"SWZ2021PHIA","SWZ","Eswatini","2021","PHIA","30-34",24.59,21.4,28.09,0
"SWZ2021PHIA","SWZ","Eswatini","2021","PHIA","35-39",18.68,15.4,22.48,0
"SWZ2021PHIA","SWZ","Eswatini","2021","PHIA","40-44",12.99,9.56,17.42,0
"SWZ2021PHIA","SWZ","Eswatini","2021","PHIA","45-49",9.43,6.79,12.96,0
"SWZ2021PHIA","SWZ","Eswatini","2021","PHIA","50-54",9.05,6.39,12.66,0
"SWZ2021PHIA","SWZ","Eswatini","2021","PHIA","55-59",9.29,6.89,12.41,0
"SWZ2021PHIA","SWZ","Eswatini","2021","PHIA","60-64",5.08,2.94,8.65,0
"SWZ2021PHIA","SWZ","Eswatini","2021","PHIA","65+",1.77,0.88,3.55,0
"SWZ2021PHIA","SWZ","Eswatini","2021","PHIA","15-19",13.63,11.15,16.56,1
"SWZ2021PHIA","SWZ","Eswatini","2021","PHIA","20-24",27.68,23.84,31.89,1
"SWZ2021PHIA","SWZ","Eswatini","2021","PHIA","25-29",34.33,30.84,38,1
"SWZ2021PHIA","SWZ","Eswatini","2021","PHIA","30-34",27.62,23.26,32.46,1
"SWZ2021PHIA","SWZ","Eswatini","2021","PHIA","35-39",24.54,20.23,29.45,1
"SWZ2021PHIA","SWZ","Eswatini","2021","PHIA","40-44",12.61,9.52,16.51,1
"SWZ2021PHIA","SWZ","Eswatini","2021","PHIA","45-49",11.01,7.89,15.15,1
"SWZ2021PHIA","SWZ","Eswatini","2021","PHIA","50-54",11.39,6.86,18.32,1
"SWZ2021PHIA","SWZ","Eswatini","2021","PHIA","55-59",5.82,3.18,10.41,1
"SWZ2021PHIA","SWZ","Eswatini","2021","PHIA","60-64",1.3,0.39,4.25,1
"SWZ2021PHIA","SWZ","Eswatini","2021","PHIA","65+",3.82,2.12,6.81,1
"GAB2019DHS","GAB","Gabon","2019","DHS","15-19",0.26,0.06,1.11,0
"GAB2019DHS","GAB","Gabon","2019","DHS","20-24",0.39,0.1,1.41,0
"GAB2019DHS","GAB","Gabon","2019","DHS","25-29",0.6,0.23,1.53,0
"GAB2019DHS","GAB","Gabon","2019","DHS","30-34",0.82,0.37,1.82,0
"GAB2019DHS","GAB","Gabon","2019","DHS","35-39",1.3,0.51,3.28,0
"GAB2019DHS","GAB","Gabon","2019","DHS","40-44",0.37,0.08,1.75,0
"GAB2019DHS","GAB","Gabon","2019","DHS","45-49",0.2,0.05,0.87,0
"GAB2019DHS","GAB","Gabon","2019","DHS","50-54",1.4,0.22,8.4,0
"GAB2019DHS","GAB","Gabon","2019","DHS","55-59",0,0,0,0
"GAB2019DHS","GAB","Gabon","2019","DHS","60-64",0,0,0,0
"GAB2019DHS","GAB","Gabon","2019","DHS","15-19",0.06,0.02,0.28,1
"GAB2019DHS","GAB","Gabon","2019","DHS","20-24",0.48,0.1,2.32,1
"GAB2019DHS","GAB","Gabon","2019","DHS","25-29",0.59,0.12,2.79,1
"GAB2019DHS","GAB","Gabon","2019","DHS","30-34",0.95,0.32,2.76,1
"GAB2019DHS","GAB","Gabon","2019","DHS","35-39",1.06,0.15,6.86,1
"GAB2019DHS","GAB","Gabon","2019","DHS","40-44",1.29,0.46,3.57,1
"GAB2019DHS","GAB","Gabon","2019","DHS","45-49",2.77,0.87,8.47,1
"GAB2019DHS","GAB","Gabon","2019","DHS","50-54",0.37,0.1,1.38,1
"GAB2019DHS","GAB","Gabon","2019","DHS","55-59",2.12,0.77,5.69,1
"GAB2019DHS","GAB","Gabon","2019","DHS","60-64",0.83,0.11,5.8,1
"GMB2018MICS","GMB","Gambia","2018","MICS","15-19",0.37,0.17,0.8,0
"GMB2018MICS","GMB","Gambia","2018","MICS","20-24",0.66,0.35,1.25,0
"GMB2018MICS","GMB","Gambia","2018","MICS","25-29",0.6,0.3,1.2,0
"GMB2018MICS","GMB","Gambia","2018","MICS","30-34",0.66,0.32,1.38,0
"GMB2018MICS","GMB","Gambia","2018","MICS","35-39",0.86,0.44,1.68,0
"GMB2018MICS","GMB","Gambia","2018","MICS","40-44",0.88,0.39,1.99,0
"GMB2018MICS","GMB","Gambia","2018","MICS","45-49",0.8,0.28,2.29,0
"GMB2018MICS","GMB","Gambia","2018","MICS","15-19",0.07,0.02,0.33,1
"GMB2018MICS","GMB","Gambia","2018","MICS","20-24",0.01,0,0.1,1
"GMB2018MICS","GMB","Gambia","2018","MICS","25-29",0.14,0.02,1.03,1
"GMB2018MICS","GMB","Gambia","2018","MICS","30-34",0.68,0.2,2.33,1
"GMB2018MICS","GMB","Gambia","2018","MICS","35-39",1.03,0.28,3.66,1
"GMB2018MICS","GMB","Gambia","2018","MICS","40-44",0.85,0.27,2.68,1
"GMB2018MICS","GMB","Gambia","2018","MICS","45-49",0.07,0.01,0.48,1
"GHA2022DHS","GHA","Ghana","2022","DHS","15-19",0.33,0.16,0.65,0
"GHA2022DHS","GHA","Ghana","2022","DHS","20-24",2.36,1.69,3.29,0
"GHA2022DHS","GHA","Ghana","2022","DHS","25-29",4.21,3.3,5.35,0
"GHA2022DHS","GHA","Ghana","2022","DHS","30-34",3.94,2.97,5.2,0
"GHA2022DHS","GHA","Ghana","2022","DHS","35-39",3.36,2.35,4.76,0
"GHA2022DHS","GHA","Ghana","2022","DHS","40-44",1.31,0.79,2.18,0
"GHA2022DHS","GHA","Ghana","2022","DHS","45-49",0.91,0.45,1.84,0
"GHA2022DHS","GHA","Ghana","2022","DHS","15-19",0.12,0.02,0.64,1
"GHA2022DHS","GHA","Ghana","2022","DHS","20-24",1.21,0.6,2.41,1
"GHA2022DHS","GHA","Ghana","2022","DHS","25-29",3.3,2.18,4.97,1
"GHA2022DHS","GHA","Ghana","2022","DHS","30-34",2.9,2,4.19,1
"GHA2022DHS","GHA","Ghana","2022","DHS","35-39",3.18,1.88,5.35,1
"GHA2022DHS","GHA","Ghana","2022","DHS","40-44",2.46,1.27,4.71,1
"GHA2022DHS","GHA","Ghana","2022","DHS","45-49",1.21,0.53,2.71,1
"GHA2022DHS","GHA","Ghana","2022","DHS","50-54",0.29,0.07,1.19,1
"GHA2022DHS","GHA","Ghana","2022","DHS","55-59",2.36,1.06,5.18,1
"GHA2017MICS","GHA","Ghana","2017","MICS","15-19",0.99,0.6,1.62,0
"GHA2017MICS","GHA","Ghana","2017","MICS","20-24",2.33,1.69,3.19,0
"GHA2017MICS","GHA","Ghana","2017","MICS","25-29",4.41,3.37,5.77,0
"GHA2017MICS","GHA","Ghana","2017","MICS","30-34",3.14,2.25,4.38,0
"GHA2017MICS","GHA","Ghana","2017","MICS","35-39",2.81,1.89,4.17,0
"GHA2017MICS","GHA","Ghana","2017","MICS","40-44",1.89,1.18,3.02,0
"GHA2017MICS","GHA","Ghana","2017","MICS","45-49",0.81,0.43,1.53,0
"GHA2017MICS","GHA","Ghana","2017","MICS","15-19",0.3,0.11,0.8,1
"GHA2017MICS","GHA","Ghana","2017","MICS","20-24",0.71,0.29,1.73,1
"GHA2017MICS","GHA","Ghana","2017","MICS","25-29",3.67,2.05,6.48,1
"GHA2017MICS","GHA","Ghana","2017","MICS","30-34",2.82,1.49,5.26,1
"GHA2017MICS","GHA","Ghana","2017","MICS","35-39",2.43,1.1,5.27,1
"GHA2017MICS","GHA","Ghana","2017","MICS","40-44",1.31,0.56,3.07,1
"GHA2017MICS","GHA","Ghana","2017","MICS","45-49",0.67,0.21,2.09,1
"GIN2018DHS","GIN","Guinea","2018","DHS","15-19",0.33,0.15,0.74,0
"GIN2018DHS","GIN","Guinea","2018","DHS","20-24",1.02,0.58,1.79,0
"GIN2018DHS","GIN","Guinea","2018","DHS","25-29",1.28,0.81,2.02,0
"GIN2018DHS","GIN","Guinea","2018","DHS","30-34",1.04,0.57,1.9,0
"GIN2018DHS","GIN","Guinea","2018","DHS","35-39",0.98,0.54,1.79,0
"GIN2018DHS","GIN","Guinea","2018","DHS","40-44",0.34,0.09,1.24,0
"GIN2018DHS","GIN","Guinea","2018","DHS","45-49",0.55,0.18,1.63,0
"GIN2018DHS","GIN","Guinea","2018","DHS","15-19",0.11,0.02,0.79,1
"GIN2018DHS","GIN","Guinea","2018","DHS","20-24",0.57,0.13,2.42,1
"GIN2018DHS","GIN","Guinea","2018","DHS","25-29",0.51,0.15,1.76,1
"GIN2018DHS","GIN","Guinea","2018","DHS","30-34",0.7,0.23,2.16,1
"GIN2018DHS","GIN","Guinea","2018","DHS","35-39",0.46,0.1,2.19,1
"GIN2018DHS","GIN","Guinea","2018","DHS","40-44",0.69,0.19,2.49,1
"GIN2018DHS","GIN","Guinea","2018","DHS","45-49",0.35,0.05,2.48,1
"GIN2018DHS","GIN","Guinea","2018","DHS","50-54",0.31,0.04,2.21,1
"GIN2018DHS","GIN","Guinea","2018","DHS","55-59",0,0,0,1
"GNB2018MICS","GNB","Guinea-Bissau","2018","MICS","15-19",0.71,0.41,1.22,0
"GNB2018MICS","GNB","Guinea-Bissau","2018","MICS","20-24",2.58,1.78,3.73,0
"GNB2018MICS","GNB","Guinea-Bissau","2018","MICS","25-29",3.32,2.3,4.76,0
"GNB2018MICS","GNB","Guinea-Bissau","2018","MICS","30-34",4.91,3.48,6.87,0
"GNB2018MICS","GNB","Guinea-Bissau","2018","MICS","35-39",2.47,1.56,3.89,0
"GNB2018MICS","GNB","Guinea-Bissau","2018","MICS","40-44",2.3,1.34,3.94,0
"GNB2018MICS","GNB","Guinea-Bissau","2018","MICS","45-49",1.04,0.51,2.08,0
"GNB2018MICS","GNB","Guinea-Bissau","2018","MICS","15-19",1.06,0.34,3.24,1
"GNB2018MICS","GNB","Guinea-Bissau","2018","MICS","20-24",3.83,1.65,8.61,1
"GNB2018MICS","GNB","Guinea-Bissau","2018","MICS","25-29",5.58,3.21,9.54,1
"GNB2018MICS","GNB","Guinea-Bissau","2018","MICS","30-34",3.71,1.67,8.04,1
"GNB2018MICS","GNB","Guinea-Bissau","2018","MICS","35-39",5.95,2.72,12.53,1
"GNB2018MICS","GNB","Guinea-Bissau","2018","MICS","40-44",3.2,1.32,7.54,1
"GNB2018MICS","GNB","Guinea-Bissau","2018","MICS","45-49",7.32,3.78,13.69,1
"KEN2022DHS","KEN","Kenya","2022","DHS","15-19",1.36,1.03,1.8,0
"KEN2022DHS","KEN","Kenya","2022","DHS","20-24",6.82,5.92,7.85,0
"KEN2022DHS","KEN","Kenya","2022","DHS","25-29",6.9,5.98,7.94,0
"KEN2022DHS","KEN","Kenya","2022","DHS","30-34",6.04,5.12,7.11,0
"KEN2022DHS","KEN","Kenya","2022","DHS","35-39",4.79,3.94,5.81,0
"KEN2022DHS","KEN","Kenya","2022","DHS","40-44",3.95,3.18,4.91,0
"KEN2022DHS","KEN","Kenya","2022","DHS","45-49",3.96,2.83,5.51,0
"KEN2022DHS","KEN","Kenya","2022","DHS","15-19",1.51,1.02,2.23,1
"KEN2022DHS","KEN","Kenya","2022","DHS","20-24",7.35,6.01,8.95,1
"KEN2022DHS","KEN","Kenya","2022","DHS","25-29",16.88,14.02,20.19,1
"KEN2022DHS","KEN","Kenya","2022","DHS","30-34",13.43,11.35,15.82,1
"KEN2022DHS","KEN","Kenya","2022","DHS","35-39",11.63,9.64,13.96,1
"KEN2022DHS","KEN","Kenya","2022","DHS","40-44",9.23,7.5,11.31,1
"KEN2022DHS","KEN","Kenya","2022","DHS","45-49",7.54,5.7,9.91,1
"KEN2022DHS","KEN","Kenya","2022","DHS","50-54",6.56,4.78,8.95,1
"KEN2018PHIA","KEN","Kenya","2018","PHIA","15-19",2.44,1.63,3.66,0
"KEN2018PHIA","KEN","Kenya","2018","PHIA","20-24",6.58,5.36,8.04,0
"KEN2018PHIA","KEN","Kenya","2018","PHIA","25-29",5.03,4.01,6.3,0
"KEN2018PHIA","KEN","Kenya","2018","PHIA","30-34",3.95,2.99,5.2,0
"KEN2018PHIA","KEN","Kenya","2018","PHIA","35-39",2.73,1.95,3.8,0
"KEN2018PHIA","KEN","Kenya","2018","PHIA","40-44",3,2.09,4.28,0
"KEN2018PHIA","KEN","Kenya","2018","PHIA","45-49",2.8,1.86,4.21,0
"KEN2018PHIA","KEN","Kenya","2018","PHIA","50-54",1.17,0.6,2.27,0
"KEN2018PHIA","KEN","Kenya","2018","PHIA","55-59",1.7,0.81,3.51,0
"KEN2018PHIA","KEN","Kenya","2018","PHIA","60-64",0.94,0.35,2.5,0
"KEN2018PHIA","KEN","Kenya","2018","PHIA","15-19",2.49,1.49,4.14,1
"KEN2018PHIA","KEN","Kenya","2018","PHIA","20-24",5.6,4.25,7.35,1
"KEN2018PHIA","KEN","Kenya","2018","PHIA","25-29",7.12,5.14,9.78,1
"KEN2018PHIA","KEN","Kenya","2018","PHIA","30-34",3.75,2.61,5.36,1
"KEN2018PHIA","KEN","Kenya","2018","PHIA","35-39",4.29,3.22,5.69,1
"KEN2018PHIA","KEN","Kenya","2018","PHIA","40-44",3.67,2.53,5.28,1
"KEN2018PHIA","KEN","Kenya","2018","PHIA","45-49",2.62,1.62,4.21,1
"KEN2018PHIA","KEN","Kenya","2018","PHIA","50-54",5.14,3.19,8.18,1
"KEN2018PHIA","KEN","Kenya","2018","PHIA","55-59",3.88,1.94,7.62,1
"KEN2018PHIA","KEN","Kenya","2018","PHIA","60-64",2.65,1.28,5.43,1
"KEN2012KAIS","KEN","Kenya","2012","KAIS","15-19",1.38,0.74,2.58,0
"KEN2012KAIS","KEN","Kenya","2012","KAIS","20-24",2.1,1.33,3.3,0
"KEN2012KAIS","KEN","Kenya","2012","KAIS","25-29",2.26,1.51,3.38,0
"KEN2012KAIS","KEN","Kenya","2012","KAIS","30-34",2.54,1.67,3.85,0
"KEN2012KAIS","KEN","Kenya","2012","KAIS","35-39",2.03,1.27,3.24,0
"KEN2012KAIS","KEN","Kenya","2012","KAIS","40-44",1.77,0.9,3.45,0
"KEN2012KAIS","KEN","Kenya","2012","KAIS","45-49",2.24,1.11,4.45,0
"KEN2012KAIS","KEN","Kenya","2012","KAIS","50-54",2.65,1.32,5.25,0
"KEN2012KAIS","KEN","Kenya","2012","KAIS","55-59",1.34,0.36,4.93,0
"KEN2012KAIS","KEN","Kenya","2012","KAIS","60-64",3.63,1.3,9.76,0
"KEN2012KAIS","KEN","Kenya","2012","KAIS","15-19",7.86,3.47,16.84,1
"KEN2012KAIS","KEN","Kenya","2012","KAIS","20-24",7.15,4.36,11.5,1
"KEN2012KAIS","KEN","Kenya","2012","KAIS","25-29",5.64,3.86,8.18,1
"KEN2012KAIS","KEN","Kenya","2012","KAIS","30-34",3.6,2.22,5.78,1
"KEN2012KAIS","KEN","Kenya","2012","KAIS","35-39",4.31,2.38,7.68,1
"KEN2012KAIS","KEN","Kenya","2012","KAIS","40-44",3.03,1.56,5.82,1
"KEN2012KAIS","KEN","Kenya","2012","KAIS","45-49",5.78,2.78,11.61,1
"KEN2012KAIS","KEN","Kenya","2012","KAIS","50-54",2.92,1.28,6.53,1
"KEN2012KAIS","KEN","Kenya","2012","KAIS","55-59",1.3,0.21,7.79,1
"KEN2012KAIS","KEN","Kenya","2012","KAIS","60-64",7.75,3.04,18.39,1
"LSO2020PHIA","LSO","Lesotho","2020","PHIA","15-19",6.48,5.06,8.27,0
"LSO2020PHIA","LSO","Lesotho","2020","PHIA","20-24",17.11,14.71,19.81,0
"LSO2020PHIA","LSO","Lesotho","2020","PHIA","25-29",14.61,12.49,17.01,0
"LSO2020PHIA","LSO","Lesotho","2020","PHIA","30-34",11.43,9.54,13.63,0
"LSO2020PHIA","LSO","Lesotho","2020","PHIA","35-39",9.34,7.39,11.75,0
"LSO2020PHIA","LSO","Lesotho","2020","PHIA","40-44",6.35,4.71,8.5,0
"LSO2020PHIA","LSO","Lesotho","2020","PHIA","45-49",3.93,2.56,5.99,0
"LSO2020PHIA","LSO","Lesotho","2020","PHIA","50-54",3.94,2.53,6.08,0
"LSO2020PHIA","LSO","Lesotho","2020","PHIA","55-59",2.95,1.49,5.78,0
"LSO2020PHIA","LSO","Lesotho","2020","PHIA","60-64",1.8,0.92,3.48,0
"LSO2020PHIA","LSO","Lesotho","2020","PHIA","65+",1.69,1.05,2.7,0
"LSO2020PHIA","LSO","Lesotho","2020","PHIA","15-19",6.29,4.78,8.24,1
"LSO2020PHIA","LSO","Lesotho","2020","PHIA","20-24",14.26,12.09,16.73,1
"LSO2020PHIA","LSO","Lesotho","2020","PHIA","25-29",17.2,14.54,20.22,1
"LSO2020PHIA","LSO","Lesotho","2020","PHIA","30-34",13.4,11.02,16.19,1
"LSO2020PHIA","LSO","Lesotho","2020","PHIA","35-39",10.59,8.04,13.82,1
"LSO2020PHIA","LSO","Lesotho","2020","PHIA","40-44",7.96,5.98,10.53,1
"LSO2020PHIA","LSO","Lesotho","2020","PHIA","45-49",7.45,5.21,10.54,1
"LSO2020PHIA","LSO","Lesotho","2020","PHIA","50-54",4.35,2.53,7.38,1
"LSO2020PHIA","LSO","Lesotho","2020","PHIA","55-59",3.65,2.16,6.11,1
"LSO2020PHIA","LSO","Lesotho","2020","PHIA","60-64",2.14,0.93,4.84,1
"LSO2020PHIA","LSO","Lesotho","2020","PHIA","65+",1.78,1,3.14,1
"LBR2019DHS","LBR","Liberia","2019","DHS","15-19",0.19,0.08,0.47,0
"LBR2019DHS","LBR","Liberia","2019","DHS","20-24",1.45,0.86,2.43,0
"LBR2019DHS","LBR","Liberia","2019","DHS","25-29",1.69,0.9,3.17,0
"LBR2019DHS","LBR","Liberia","2019","DHS","30-34",2.76,1.35,5.55,0
"LBR2019DHS","LBR","Liberia","2019","DHS","35-39",1.85,0.88,3.87,0
"LBR2019DHS","LBR","Liberia","2019","DHS","40-44",2.12,1,4.44,0
"LBR2019DHS","LBR","Liberia","2019","DHS","45-49",1.18,0.44,3.14,0
"LBR2019DHS","LBR","Liberia","2019","DHS","15-19",0.32,0.08,1.32,1
"LBR2019DHS","LBR","Liberia","2019","DHS","20-24",0.82,0.27,2.42,1
"LBR2019DHS","LBR","Liberia","2019","DHS","25-29",2.13,0.83,5.35,1
"LBR2019DHS","LBR","Liberia","2019","DHS","30-34",1.98,0.82,4.69,1
"LBR2019DHS","LBR","Liberia","2019","DHS","35-39",0.61,0.25,1.48,1
"LBR2019DHS","LBR","Liberia","2019","DHS","40-44",1.48,0.51,4.22,1
"LBR2019DHS","LBR","Liberia","2019","DHS","45-49",1.45,0.53,3.94,1
"LBR2019DHS","LBR","Liberia","2019","DHS","50-54",1.37,0.63,2.98,1
"LBR2019DHS","LBR","Liberia","2019","DHS","55-59",3.38,1.03,10.47,1
"MDG2021DHS","MDG","Madagascar","2021","DHS","15-19",0.14,0.04,0.47,0
"MDG2021DHS","MDG","Madagascar","2021","DHS","20-24",0.29,0.15,0.57,0
"MDG2021DHS","MDG","Madagascar","2021","DHS","25-29",0.52,0.26,1.04,0
"MDG2021DHS","MDG","Madagascar","2021","DHS","30-34",0.45,0.19,1.08,0
"MDG2021DHS","MDG","Madagascar","2021","DHS","35-39",0.14,0.05,0.42,0
"MDG2021DHS","MDG","Madagascar","2021","DHS","40-44",0.23,0.09,0.64,0
"MDG2021DHS","MDG","Madagascar","2021","DHS","45-49",0.3,0.11,0.85,0
"MDG2021DHS","MDG","Madagascar","2021","DHS","15-19",0.13,0.04,0.43,1
"MDG2021DHS","MDG","Madagascar","2021","DHS","20-24",0.83,0.46,1.51,1
"MDG2021DHS","MDG","Madagascar","2021","DHS","25-29",0.91,0.54,1.53,1
"MDG2021DHS","MDG","Madagascar","2021","DHS","30-34",0.45,0.18,1.13,1
"MDG2021DHS","MDG","Madagascar","2021","DHS","35-39",0.89,0.45,1.78,1
"MDG2021DHS","MDG","Madagascar","2021","DHS","40-44",1.5,0.72,3.1,1
"MDG2021DHS","MDG","Madagascar","2021","DHS","45-49",0.67,0.25,1.75,1
"MDG2021DHS","MDG","Madagascar","2021","DHS","50-54",1.39,0.58,3.27,1
"MDG2021DHS","MDG","Madagascar","2021","DHS","55-59",0.31,0.09,1.03,1
"MDG2018MICS","MDG","Madagascar","2018","MICS","15-19",0.73,0.42,1.27,0
"MDG2018MICS","MDG","Madagascar","2018","MICS","20-24",1.53,1.09,2.15,0
"MDG2018MICS","MDG","Madagascar","2018","MICS","25-29",2.43,1.74,3.38,0
"MDG2018MICS","MDG","Madagascar","2018","MICS","30-34",3.22,2.08,4.95,0
"MDG2018MICS","MDG","Madagascar","2018","MICS","35-39",1.36,0.86,2.13,0
"MDG2018MICS","MDG","Madagascar","2018","MICS","40-44",2.03,1.17,3.52,0
"MDG2018MICS","MDG","Madagascar","2018","MICS","45-49",0.79,0.39,1.62,0
"MDG2018MICS","MDG","Madagascar","2018","MICS","15-19",0.82,0.32,2.11,1
"MDG2018MICS","MDG","Madagascar","2018","MICS","20-24",0.72,0.36,1.47,1
"MDG2018MICS","MDG","Madagascar","2018","MICS","25-29",1.37,0.7,2.66,1
"MDG2018MICS","MDG","Madagascar","2018","MICS","30-34",2.57,1.32,4.95,1
"MDG2018MICS","MDG","Madagascar","2018","MICS","35-39",1.44,0.73,2.83,1
"MDG2018MICS","MDG","Madagascar","2018","MICS","40-44",0.85,0.37,1.94,1
"MDG2018MICS","MDG","Madagascar","2018","MICS","45-49",0.64,0.21,1.92,1
"MWI2015DHS","MWI","Malawi","2015","DHS","15-19",0.5,0.3,0.83,0
"MWI2015DHS","MWI","Malawi","2015","DHS","20-24",0.99,0.72,1.38,0
"MWI2015DHS","MWI","Malawi","2015","DHS","25-29",1.05,0.72,1.52,0
"MWI2015DHS","MWI","Malawi","2015","DHS","30-34",1.2,0.79,1.82,0
"MWI2015DHS","MWI","Malawi","2015","DHS","35-39",1.45,0.95,2.2,0
"MWI2015DHS","MWI","Malawi","2015","DHS","40-44",0.72,0.41,1.26,0
"MWI2015DHS","MWI","Malawi","2015","DHS","45-49",0.34,0.11,0.98,0
"MWI2015DHS","MWI","Malawi","2015","DHS","15-19",0.67,0.26,1.7,1
"MWI2015DHS","MWI","Malawi","2015","DHS","20-24",0.82,0.32,2.14,1
"MWI2015DHS","MWI","Malawi","2015","DHS","25-29",1.51,0.77,2.95,1
"MWI2015DHS","MWI","Malawi","2015","DHS","30-34",1.69,0.8,3.52,1
"MWI2015DHS","MWI","Malawi","2015","DHS","35-39",1.74,0.86,3.51,1
"MWI2015DHS","MWI","Malawi","2015","DHS","40-44",0.9,0.32,2.5,1
"MWI2015DHS","MWI","Malawi","2015","DHS","45-49",0.06,0.01,0.32,1
"MWI2015DHS","MWI","Malawi","2015","DHS","50-54",1.55,0.42,5.53,1
"MWI2019MICS","MWI","Malawi","2019","MICS","15-19",5.26,4.47,6.19,0
"MWI2019MICS","MWI","Malawi","2019","MICS","20-24",8.6,7.38,10,0
"MWI2019MICS","MWI","Malawi","2019","MICS","25-29",7.51,6.39,8.8,0
"MWI2019MICS","MWI","Malawi","2019","MICS","30-34",7.03,5.87,8.39,0
"MWI2019MICS","MWI","Malawi","2019","MICS","35-39",6.58,5.42,7.97,0
"MWI2019MICS","MWI","Malawi","2019","MICS","40-44",5.29,4.06,6.86,0
"MWI2019MICS","MWI","Malawi","2019","MICS","45-49",4.64,3.44,6.24,0
"MWI2019MICS","MWI","Malawi","2019","MICS","15-19",7.12,5.51,9.15,1
"MWI2019MICS","MWI","Malawi","2019","MICS","20-24",14.01,11.48,17,1
"MWI2019MICS","MWI","Malawi","2019","MICS","25-29",12.72,9.66,16.57,1
"MWI2019MICS","MWI","Malawi","2019","MICS","30-34",9.19,6.73,12.44,1
"MWI2019MICS","MWI","Malawi","2019","MICS","35-39",8.67,6.3,11.83,1
"MWI2019MICS","MWI","Malawi","2019","MICS","40-44",11.55,7.99,16.43,1
"MWI2019MICS","MWI","Malawi","2019","MICS","45-49",5.94,3.64,9.55,1
"MWI2020PHIA","MWI","Malawi","2020","PHIA","15-19",6.33,5.29,7.56,0
"MWI2020PHIA","MWI","Malawi","2020","PHIA","20-24",9.3,8.18,10.55,0
"MWI2020PHIA","MWI","Malawi","2020","PHIA","25-29",8.35,7.1,9.79,0
"MWI2020PHIA","MWI","Malawi","2020","PHIA","30-34",6.93,5.72,8.37,0
"MWI2020PHIA","MWI","Malawi","2020","PHIA","35-39",5.91,4.94,7.07,0
"MWI2020PHIA","MWI","Malawi","2020","PHIA","40-44",5.87,4.56,7.52,0
"MWI2020PHIA","MWI","Malawi","2020","PHIA","45-49",4.74,3.47,6.45,0
"MWI2020PHIA","MWI","Malawi","2020","PHIA","50-54",4.28,2.96,6.14,0
"MWI2020PHIA","MWI","Malawi","2020","PHIA","55-59",2.32,1.31,4.08,0
"MWI2020PHIA","MWI","Malawi","2020","PHIA","60-64",1.59,0.77,3.24,0
"MWI2020PHIA","MWI","Malawi","2020","PHIA","65+",1.17,0.7,1.94,0
"MWI2020PHIA","MWI","Malawi","2020","PHIA","15-19",6.47,5.24,7.96,1
"MWI2020PHIA","MWI","Malawi","2020","PHIA","20-24",11.04,9.51,12.79,1
"MWI2020PHIA","MWI","Malawi","2020","PHIA","25-29",11.02,9.47,12.8,1
"MWI2020PHIA","MWI","Malawi","2020","PHIA","30-34",8.67,7.15,10.49,1
"MWI2020PHIA","MWI","Malawi","2020","PHIA","35-39",7.07,5.46,9.12,1
"MWI2020PHIA","MWI","Malawi","2020","PHIA","40-44",7.64,5.88,9.88,1
"MWI2020PHIA","MWI","Malawi","2020","PHIA","45-49",7.39,5.58,9.73,1
"MWI2020PHIA","MWI","Malawi","2020","PHIA","50-54",4.36,2.95,6.4,1
"MWI2020PHIA","MWI","Malawi","2020","PHIA","55-59",4.58,2.8,7.4,1
"MWI2020PHIA","MWI","Malawi","2020","PHIA","60-64",4.19,2.32,7.46,1
"MWI2020PHIA","MWI","Malawi","2020","PHIA","65+",2.35,1.41,3.87,1
"MLI2018DHS","MLI","Mali","2018","DHS","15-19",0.6,0.3,1.16,0
"MLI2018DHS","MLI","Mali","2018","DHS","20-24",1.05,0.59,1.85,0
"MLI2018DHS","MLI","Mali","2018","DHS","25-29",0.79,0.44,1.41,0
"MLI2018DHS","MLI","Mali","2018","DHS","30-34",1.38,0.77,2.45,0
"MLI2018DHS","MLI","Mali","2018","DHS","35-39",1.49,0.89,2.47,0
"MLI2018DHS","MLI","Mali","2018","DHS","40-44",1.23,0.52,2.88,0
"MLI2018DHS","MLI","Mali","2018","DHS","45-49",0.87,0.37,2.02,0
"MLI2018DHS","MLI","Mali","2018","DHS","15-19",0.04,0.01,0.29,1
"MLI2018DHS","MLI","Mali","2018","DHS","20-24",0.41,0.1,1.67,1
"MLI2018DHS","MLI","Mali","2018","DHS","25-29",0.28,0.06,1.37,1
"MLI2018DHS","MLI","Mali","2018","DHS","30-34",0.44,0.14,1.39,1
"MLI2018DHS","MLI","Mali","2018","DHS","35-39",0.51,0.2,1.3,1
"MLI2018DHS","MLI","Mali","2018","DHS","40-44",0.66,0.12,3.42,1
"MLI2018DHS","MLI","Mali","2018","DHS","45-49",0,0,0,1
"MLI2018DHS","MLI","Mali","2018","DHS","50-54",0.58,0.14,2.32,1
"MLI2018DHS","MLI","Mali","2018","DHS","55-59",1.51,0.46,4.89,1
"MRT2019DHS","MRT","Mauritania","2019","DHS","15-19",0.53,0.31,0.91,0
"MRT2019DHS","MRT","Mauritania","2019","DHS","20-24",0.9,0.56,1.45,0
"MRT2019DHS","MRT","Mauritania","2019","DHS","25-29",1.03,0.69,1.55,0
"MRT2019DHS","MRT","Mauritania","2019","DHS","30-34",1.26,0.82,1.93,0
"MRT2019DHS","MRT","Mauritania","2019","DHS","35-39",1.27,0.79,2.03,0
"MRT2019DHS","MRT","Mauritania","2019","DHS","40-44",1.62,1.03,2.55,0
"MRT2019DHS","MRT","Mauritania","2019","DHS","45-49",2.77,1.66,4.58,0
"MRT2019DHS","MRT","Mauritania","2019","DHS","15-19",0.28,0.1,0.81,1
"MRT2019DHS","MRT","Mauritania","2019","DHS","20-24",0.16,0.04,0.64,1
"MRT2019DHS","MRT","Mauritania","2019","DHS","25-29",0.41,0.13,1.32,1
"MRT2019DHS","MRT","Mauritania","2019","DHS","30-34",0,0,0,1
"MRT2019DHS","MRT","Mauritania","2019","DHS","35-39",0.13,0.03,0.52,1
"MRT2019DHS","MRT","Mauritania","2019","DHS","40-44",0.9,0.4,2.01,1
"MRT2019DHS","MRT","Mauritania","2019","DHS","45-49",0.45,0.17,1.21,1
"MRT2019DHS","MRT","Mauritania","2019","DHS","50-54",0.59,0.17,2.07,1
"MRT2019DHS","MRT","Mauritania","2019","DHS","55-59",0.74,0.21,2.54,1
"MOZ2021PHIA","MOZ","Mozambique","2021","PHIA","15-19",8.16,6.55,10.12,0
"MOZ2021PHIA","MOZ","Mozambique","2021","PHIA","20-24",14.23,11.54,17.43,0
"MOZ2021PHIA","MOZ","Mozambique","2021","PHIA","25-29",15.91,13.25,19,0
"MOZ2021PHIA","MOZ","Mozambique","2021","PHIA","30-34",13.24,10.94,15.95,0
"MOZ2021PHIA","MOZ","Mozambique","2021","PHIA","35-39",13.68,10.64,17.44,0
"MOZ2021PHIA","MOZ","Mozambique","2021","PHIA","40-44",9.68,7.21,12.89,0
"MOZ2021PHIA","MOZ","Mozambique","2021","PHIA","45-49",8.26,5.91,11.41,0
"MOZ2021PHIA","MOZ","Mozambique","2021","PHIA","50-54",7.5,5.13,10.84,0
"MOZ2021PHIA","MOZ","Mozambique","2021","PHIA","55-59",4.66,2.46,8.65,0
"MOZ2021PHIA","MOZ","Mozambique","2021","PHIA","60-64",6.2,3.48,10.84,0
"MOZ2021PHIA","MOZ","Mozambique","2021","PHIA","65+",3.67,2.29,5.84,0
"MOZ2021PHIA","MOZ","Mozambique","2021","PHIA","15-19",3.15,1.94,5.09,1
"MOZ2021PHIA","MOZ","Mozambique","2021","PHIA","20-24",10.1,7.77,13.02,1
"MOZ2021PHIA","MOZ","Mozambique","2021","PHIA","25-29",10.63,8.02,13.95,1
"MOZ2021PHIA","MOZ","Mozambique","2021","PHIA","30-34",13.84,11.06,17.18,1
"MOZ2021PHIA","MOZ","Mozambique","2021","PHIA","35-39",13.34,9.64,18.17,1
"MOZ2021PHIA","MOZ","Mozambique","2021","PHIA","40-44",11.59,8.86,15.01,1
"MOZ2021PHIA","MOZ","Mozambique","2021","PHIA","45-49",6.09,4.14,8.89,1
"MOZ2021PHIA","MOZ","Mozambique","2021","PHIA","50-54",8.58,5.43,13.28,1
"MOZ2021PHIA","MOZ","Mozambique","2021","PHIA","55-59",8.24,5.41,12.35,1
"MOZ2021PHIA","MOZ","Mozambique","2021","PHIA","60-64",7.23,4.42,11.61,1
"MOZ2021PHIA","MOZ","Mozambique","2021","PHIA","65+",4.21,2.48,7.07,1
"NAM2017PHIA","NAM","Namibia","2017","PHIA","15-19",2.14,1,4.53,0
"NAM2017PHIA","NAM","Namibia","2017","PHIA","20-24",6.53,4.84,8.75,0
"NAM2017PHIA","NAM","Namibia","2017","PHIA","25-29",6.34,4.94,8.1,0
"NAM2017PHIA","NAM","Namibia","2017","PHIA","30-34",5.79,4.22,7.88,0
"NAM2017PHIA","NAM","Namibia","2017","PHIA","35-39",4.93,3.6,6.71,0
"NAM2017PHIA","NAM","Namibia","2017","PHIA","40-44",3.13,1.95,4.99,0
"NAM2017PHIA","NAM","Namibia","2017","PHIA","45-49",2.92,1.73,4.88,0
"NAM2017PHIA","NAM","Namibia","2017","PHIA","50-54",0.64,0.24,1.67,0
"NAM2017PHIA","NAM","Namibia","2017","PHIA","55-59",0.88,0.14,5.4,0
"NAM2017PHIA","NAM","Namibia","2017","PHIA","60-64",1.42,0.48,4.1,0
"NAM2017PHIA","NAM","Namibia","2017","PHIA","15-19",1.07,0.37,3.02,1
"NAM2017PHIA","NAM","Namibia","2017","PHIA","20-24",2.03,1.15,3.56,1
"NAM2017PHIA","NAM","Namibia","2017","PHIA","25-29",5.89,4.16,8.28,1
"NAM2017PHIA","NAM","Namibia","2017","PHIA","30-34",4.66,3.19,6.76,1
"NAM2017PHIA","NAM","Namibia","2017","PHIA","35-39",5.47,3.45,8.56,1
"NAM2017PHIA","NAM","Namibia","2017","PHIA","40-44",3.28,1.84,5.78,1
"NAM2017PHIA","NAM","Namibia","2017","PHIA","45-49",4.28,2.26,7.94,1
"NAM2017PHIA","NAM","Namibia","2017","PHIA","50-54",1.12,0.38,3.21,1
"NAM2017PHIA","NAM","Namibia","2017","PHIA","55-59",0.83,0.28,2.44,1
"NAM2017PHIA","NAM","Namibia","2017","PHIA","60-64",1.41,0.2,9.33,1
"RWA2019DHS","RWA","Rwanda","2019","DHS","15-19",0.51,0.3,0.88,0
"RWA2019DHS","RWA","Rwanda","2019","DHS","20-24",2,1.48,2.69,0
"RWA2019DHS","RWA","Rwanda","2019","DHS","25-29",2.35,1.73,3.18,0
"RWA2019DHS","RWA","Rwanda","2019","DHS","30-34",1.78,1.27,2.49,0
"RWA2019DHS","RWA","Rwanda","2019","DHS","35-39",1.13,0.74,1.72,0
"RWA2019DHS","RWA","Rwanda","2019","DHS","40-44",0.83,0.49,1.4,0
"RWA2019DHS","RWA","Rwanda","2019","DHS","45-49",0.42,0.18,1,0
"RWA2019DHS","RWA","Rwanda","2019","DHS","15-19",0.19,0.07,0.57,1
"RWA2019DHS","RWA","Rwanda","2019","DHS","20-24",1.72,0.96,3.07,1
"RWA2019DHS","RWA","Rwanda","2019","DHS","25-29",4.03,2.6,6.17,1
"RWA2019DHS","RWA","Rwanda","2019","DHS","30-34",3.38,2.17,5.23,1
"RWA2019DHS","RWA","Rwanda","2019","DHS","35-39",1.97,1.08,3.59,1
"RWA2019DHS","RWA","Rwanda","2019","DHS","40-44",1.38,0.61,3.11,1
"RWA2019DHS","RWA","Rwanda","2019","DHS","45-49",0.43,0.11,1.76,1
"RWA2019DHS","RWA","Rwanda","2019","DHS","50-54",0.47,0.11,1.98,1
"RWA2019DHS","RWA","Rwanda","2019","DHS","55-59",0.32,0.04,2.26,1
"STP2019MICS","STP","Sao Tome and Principe","2019","MICS","15-19",13.26,10.4,16.75,0
"STP2019MICS","STP","Sao Tome and Principe","2019","MICS","20-24",29.3,23.33,36.08,0
"STP2019MICS","STP","Sao Tome and Principe","2019","MICS","25-29",32.44,26.7,38.75,0
"STP2019MICS","STP","Sao Tome and Principe","2019","MICS","30-34",35.7,30.35,41.44,0
"STP2019MICS","STP","Sao Tome and Principe","2019","MICS","35-39",36.98,30.12,44.42,0
"STP2019MICS","STP","Sao Tome and Principe","2019","MICS","40-44",28.89,22.43,36.35,0
"STP2019MICS","STP","Sao Tome and Principe","2019","MICS","45-49",28.28,20.64,37.42,0
"STP2019MICS","STP","Sao Tome and Principe","2019","MICS","15-19",4.45,2.52,7.74,1
"STP2019MICS","STP","Sao Tome and Principe","2019","MICS","20-24",13.95,9.61,19.83,1
"STP2019MICS","STP","Sao Tome and Principe","2019","MICS","25-29",20.16,12.75,30.38,1
"STP2019MICS","STP","Sao Tome and Principe","2019","MICS","30-34",26.57,19.32,35.36,1
"STP2019MICS","STP","Sao Tome and Principe","2019","MICS","35-39",30.25,21.65,40.51,1
"STP2019MICS","STP","Sao Tome and Principe","2019","MICS","40-44",27.45,19.33,37.4,1
"STP2019MICS","STP","Sao Tome and Principe","2019","MICS","45-49",27.06,17.63,39.14,1
"SEN2017DHS","SEN","Senegal","2017","DHS","15-19",0.09,0.02,0.43,0
"SEN2017DHS","SEN","Senegal","2017","DHS","20-24",0.08,0.03,0.22,0
"SEN2017DHS","SEN","Senegal","2017","DHS","25-29",0.47,0.22,0.98,0
"SEN2017DHS","SEN","Senegal","2017","DHS","30-34",0.15,0.07,0.32,0
"SEN2017DHS","SEN","Senegal","2017","DHS","35-39",0.19,0.08,0.48,0
"SEN2017DHS","SEN","Senegal","2017","DHS","40-44",0.22,0.09,0.57,0
"SEN2017DHS","SEN","Senegal","2017","DHS","45-49",0.03,0,0.24,0
"SEN2017DHS","SEN","Senegal","2017","DHS","15-19",0,0,0,1
"SEN2017DHS","SEN","Senegal","2017","DHS","20-24",0.07,0.01,0.49,1
"SEN2017DHS","SEN","Senegal","2017","DHS","25-29",0,0,0,1
"SEN2017DHS","SEN","Senegal","2017","DHS","30-34",0.33,0.05,2.35,1
"SEN2017DHS","SEN","Senegal","2017","DHS","35-39",0.07,0.01,0.48,1
"SEN2017DHS","SEN","Senegal","2017","DHS","40-44",0.11,0.02,0.81,1
"SEN2017DHS","SEN","Senegal","2017","DHS","45-49",0,0,0,1
"SEN2017DHS","SEN","Senegal","2017","DHS","50-54",1.43,0.42,4.75,1
"SEN2017DHS","SEN","Senegal","2017","DHS","55-59",0.15,0.02,1.11,1
"SLE2019DHS","SLE","Sierra Leone","2019","DHS","15-19",2,1.33,2.99,0
"SLE2019DHS","SLE","Sierra Leone","2019","DHS","20-24",4.76,3.85,5.86,0
"SLE2019DHS","SLE","Sierra Leone","2019","DHS","25-29",4.93,3.8,6.37,0
"SLE2019DHS","SLE","Sierra Leone","2019","DHS","30-34",5.26,3.97,6.93,0
"SLE2019DHS","SLE","Sierra Leone","2019","DHS","35-39",3.79,2.92,4.91,0
"SLE2019DHS","SLE","Sierra Leone","2019","DHS","40-44",4.35,3.05,6.17,0
"SLE2019DHS","SLE","Sierra Leone","2019","DHS","45-49",2.4,1.65,3.5,0
"SLE2019DHS","SLE","Sierra Leone","2019","DHS","15-19",0.87,0.46,1.62,1
"SLE2019DHS","SLE","Sierra Leone","2019","DHS","20-24",2.2,1.34,3.59,1
"SLE2019DHS","SLE","Sierra Leone","2019","DHS","25-29",1.82,1.05,3.14,1
"SLE2019DHS","SLE","Sierra Leone","2019","DHS","30-34",4.94,2.61,9.17,1
"SLE2019DHS","SLE","Sierra Leone","2019","DHS","35-39",1.8,1.06,3.04,1
"SLE2019DHS","SLE","Sierra Leone","2019","DHS","40-44",3.29,1.56,6.79,1
"SLE2019DHS","SLE","Sierra Leone","2019","DHS","45-49",1.64,0.93,2.9,1
"SLE2019DHS","SLE","Sierra Leone","2019","DHS","50-54",1.47,0.65,3.28,1
"SLE2019DHS","SLE","Sierra Leone","2019","DHS","55-59",2.39,1.23,4.57,1
"SLE2017MICS","SLE","Sierra Leone","2017","MICS","15-19",1.74,1.32,2.29,0
"SLE2017MICS","SLE","Sierra Leone","2017","MICS","20-24",3.18,2.51,4.02,0
"SLE2017MICS","SLE","Sierra Leone","2017","MICS","25-29",4.23,3.2,5.57,0
"SLE2017MICS","SLE","Sierra Leone","2017","MICS","30-34",4.15,3.22,5.34,0
"SLE2017MICS","SLE","Sierra Leone","2017","MICS","35-39",4.02,3,5.37,0
"SLE2017MICS","SLE","Sierra Leone","2017","MICS","40-44",3.55,2.5,5.03,0
"SLE2017MICS","SLE","Sierra Leone","2017","MICS","45-49",1.92,1.22,3.01,0
"SLE2017MICS","SLE","Sierra Leone","2017","MICS","15-19",1.44,0.83,2.48,1
"SLE2017MICS","SLE","Sierra Leone","2017","MICS","20-24",1.64,0.68,3.92,1
"SLE2017MICS","SLE","Sierra Leone","2017","MICS","25-29",2.58,1.6,4.13,1
"SLE2017MICS","SLE","Sierra Leone","2017","MICS","30-34",2.91,1.82,4.64,1
"SLE2017MICS","SLE","Sierra Leone","2017","MICS","35-39",2.21,1.3,3.74,1
"SLE2017MICS","SLE","Sierra Leone","2017","MICS","40-44",1.19,0.56,2.5,1
"SLE2017MICS","SLE","Sierra Leone","2017","MICS","45-49",2.93,1.66,5.13,1
"ZAF2016DHS","ZAF","South Africa","2016","DHS","15-19",1.02,0.56,1.83,0
"ZAF2016DHS","ZAF","South Africa","2016","DHS","20-24",3.47,2.42,4.96,0
"ZAF2016DHS","ZAF","South Africa","2016","DHS","25-29",3.47,2.4,5,0
"ZAF2016DHS","ZAF","South Africa","2016","DHS","30-34",4.13,2.96,5.71,0
"ZAF2016DHS","ZAF","South Africa","2016","DHS","35-39",3.05,1.92,4.8,0
"ZAF2016DHS","ZAF","South Africa","2016","DHS","40-44",2.87,1.83,4.47,0
"ZAF2016DHS","ZAF","South Africa","2016","DHS","45-49",2.7,1.59,4.56,0
"ZAF2016DHS","ZAF","South Africa","2016","DHS","15-19",0.99,0.37,2.62,1
"ZAF2016DHS","ZAF","South Africa","2016","DHS","20-24",3.35,1.17,9.24,1
"ZAF2016DHS","ZAF","South Africa","2016","DHS","25-29",3.26,1.8,5.83,1
"ZAF2016DHS","ZAF","South Africa","2016","DHS","30-34",3.03,1.36,6.59,1
"ZAF2016DHS","ZAF","South Africa","2016","DHS","35-39",5.15,2.58,10,1
"ZAF2016DHS","ZAF","South Africa","2016","DHS","40-44",1.96,0.66,5.67,1
"ZAF2016DHS","ZAF","South Africa","2016","DHS","45-49",3.61,1.52,8.32,1
"ZAF2016DHS","ZAF","South Africa","2016","DHS","50-54",1.17,0.25,5.2,1
"ZAF2016DHS","ZAF","South Africa","2016","DHS","55-59",0.25,0.03,1.81,1
"TZA2022DHS","TZA","Tanzania","2022","DHS","15-19",0.73,0.43,1.23,0
"TZA2022DHS","TZA","Tanzania","2022","DHS","20-24",4.1,3.18,5.28,0
"TZA2022DHS","TZA","Tanzania","2022","DHS","25-29",4.21,3.28,5.39,0
"TZA2022DHS","TZA","Tanzania","2022","DHS","30-34",5.4,4.15,7.01,0
"TZA2022DHS","TZA","Tanzania","2022","DHS","35-39",3.07,2.12,4.44,0
"TZA2022DHS","TZA","Tanzania","2022","DHS","40-44",3.57,2.55,4.98,0
"TZA2022DHS","TZA","Tanzania","2022","DHS","45-49",1.61,0.96,2.67,0
"TZA2022DHS","TZA","Tanzania","2022","DHS","15-19",0.95,0.5,1.78,1
"TZA2022DHS","TZA","Tanzania","2022","DHS","20-24",3.49,2.22,5.45,1
"TZA2022DHS","TZA","Tanzania","2022","DHS","25-29",5.77,4.18,7.92,1
"TZA2022DHS","TZA","Tanzania","2022","DHS","30-34",7.59,5.37,10.63,1
"TZA2022DHS","TZA","Tanzania","2022","DHS","35-39",6.26,4.37,8.89,1
"TZA2022DHS","TZA","Tanzania","2022","DHS","40-44",5.08,3.35,7.63,1
"TZA2022DHS","TZA","Tanzania","2022","DHS","45-49",7.03,4.4,11.05,1
"TGO2017MICS","TGO","Togo","2017","MICS","15-19",1.21,0.64,2.27,0
"TGO2017MICS","TGO","Togo","2017","MICS","20-24",1.5,0.85,2.61,0
"TGO2017MICS","TGO","Togo","2017","MICS","25-29",1.83,1.04,3.21,0
"TGO2017MICS","TGO","Togo","2017","MICS","30-34",3.09,1.97,4.81,0
"TGO2017MICS","TGO","Togo","2017","MICS","35-39",1.78,0.99,3.17,0
"TGO2017MICS","TGO","Togo","2017","MICS","40-44",1.57,0.71,3.44,0
"TGO2017MICS","TGO","Togo","2017","MICS","45-49",0.65,0.27,1.54,0
"TGO2017MICS","TGO","Togo","2017","MICS","15-19",0.42,0.1,1.7,1
"TGO2017MICS","TGO","Togo","2017","MICS","20-24",1.45,0.57,3.65,1
"TGO2017MICS","TGO","Togo","2017","MICS","25-29",0.97,0.33,2.81,1
"TGO2017MICS","TGO","Togo","2017","MICS","30-34",0.51,0.1,2.46,1
"TGO2017MICS","TGO","Togo","2017","MICS","35-39",0.93,0.26,3.27,1
"TGO2017MICS","TGO","Togo","2017","MICS","40-44",0.19,0.04,0.85,1
"TGO2017MICS","TGO","Togo","2017","MICS","45-49",0.19,0.03,1.34,1
"UGA2016DHS","UGA","Uganda","2016","DHS","15-19",1.98,1.55,2.53,0
"UGA2016DHS","UGA","Uganda","2016","DHS","20-24",5.15,4.42,5.99,0
"UGA2016DHS","UGA","Uganda","2016","DHS","25-29",8.36,7.12,9.79,0
"UGA2016DHS","UGA","Uganda","2016","DHS","30-34",6.33,5.22,7.67,0
"UGA2016DHS","UGA","Uganda","2016","DHS","35-39",3.65,2.83,4.7,0
"UGA2016DHS","UGA","Uganda","2016","DHS","40-44",3.01,2.21,4.09,0
"UGA2016DHS","UGA","Uganda","2016","DHS","45-49",2.58,1.77,3.74,0
"UGA2016DHS","UGA","Uganda","2016","DHS","15-19",1.72,0.98,3,1
"UGA2016DHS","UGA","Uganda","2016","DHS","20-24",5.92,4.45,7.85,1
"UGA2016DHS","UGA","Uganda","2016","DHS","25-29",9.68,7.52,12.38,1
"UGA2016DHS","UGA","Uganda","2016","DHS","30-34",9.1,6.78,12.11,1
"UGA2016DHS","UGA","Uganda","2016","DHS","35-39",5.45,3.61,8.13,1
"UGA2016DHS","UGA","Uganda","2016","DHS","40-44",5.26,3.38,8.08,1
"UGA2016DHS","UGA","Uganda","2016","DHS","45-49",5.49,3.32,8.93,1
"UGA2016DHS","UGA","Uganda","2016","DHS","50-54",3.12,1.57,6.14,1
"ZMB2018DHS","ZMB","Zambia","2018","DHS","15-19",1.8,1.2,2.7,0
"ZMB2018DHS","ZMB","Zambia","2018","DHS","20-24",3.36,2.46,4.56,0
"ZMB2018DHS","ZMB","Zambia","2018","DHS","25-29",3.46,2.37,5.03,0
"ZMB2018DHS","ZMB","Zambia","2018","DHS","30-34",3.76,2.77,5.1,0
"ZMB2018DHS","ZMB","Zambia","2018","DHS","35-39",2.55,1.51,4.28,0
"ZMB2018DHS","ZMB","Zambia","2018","DHS","40-44",2.93,1.97,4.35,0
"ZMB2018DHS","ZMB","Zambia","2018","DHS","45-49",1.99,1,3.89,0
"ZMB2018DHS","ZMB","Zambia","2018","DHS","15-19",1.47,0.85,2.54,1
"ZMB2018DHS","ZMB","Zambia","2018","DHS","20-24",3.78,2.67,5.34,1
"ZMB2018DHS","ZMB","Zambia","2018","DHS","25-29",4.3,3.17,5.81,1
"ZMB2018DHS","ZMB","Zambia","2018","DHS","30-34",2.3,1.53,3.43,1
"ZMB2018DHS","ZMB","Zambia","2018","DHS","35-39",2.96,1.96,4.44,1
"ZMB2018DHS","ZMB","Zambia","2018","DHS","40-44",2.68,1.74,4.12,1
"ZMB2018DHS","ZMB","Zambia","2018","DHS","45-49",3.2,2.05,4.94,1
"ZMB2018DHS","ZMB","Zambia","2018","DHS","50-54",1.54,0.72,3.23,1
"ZMB2018DHS","ZMB","Zambia","2018","DHS","55-59",1.68,0.67,4.14,1
"ZWE2015DHS","ZWE","Zimbabwe","2015","DHS","15-19",0.21,0.08,0.52,0
"ZWE2015DHS","ZWE","Zimbabwe","2015","DHS","20-24",0.18,0.06,0.53,0
"ZWE2015DHS","ZWE","Zimbabwe","2015","DHS","25-29",0.3,0.13,0.73,0
"ZWE2015DHS","ZWE","Zimbabwe","2015","DHS","30-34",0.61,0.28,1.33,0
"ZWE2015DHS","ZWE","Zimbabwe","2015","DHS","35-39",0.11,0.02,0.78,0
"ZWE2015DHS","ZWE","Zimbabwe","2015","DHS","40-44",0.27,0.05,1.55,0
"ZWE2015DHS","ZWE","Zimbabwe","2015","DHS","45-49",0.1,0.01,0.72,0
"ZWE2015DHS","ZWE","Zimbabwe","2015","DHS","15-19",0.75,0.43,1.31,1
"ZWE2015DHS","ZWE","Zimbabwe","2015","DHS","20-24",1.37,0.77,2.44,1
"ZWE2015DHS","ZWE","Zimbabwe","2015","DHS","25-29",1.44,0.89,2.34,1
"ZWE2015DHS","ZWE","Zimbabwe","2015","DHS","30-34",2.08,1.38,3.14,1
"ZWE2015DHS","ZWE","Zimbabwe","2015","DHS","35-39",2.98,1.89,4.69,1
"ZWE2015DHS","ZWE","Zimbabwe","2015","DHS","40-44",1.82,1.01,3.26,1
"ZWE2015DHS","ZWE","Zimbabwe","2015","DHS","45-49",2.23,1.11,4.44,1
"ZWE2015DHS","ZWE","Zimbabwe","2015","DHS","50-54",1.91,0.88,4.12,1
"ZWE2019MICS","ZWE","Zimbabwe","2019","MICS","15-19",3.13,2.34,4.17,0
"ZWE2019MICS","ZWE","Zimbabwe","2019","MICS","20-24",7.2,5.87,8.8,0
"ZWE2019MICS","ZWE","Zimbabwe","2019","MICS","25-29",7.31,5.77,9.21,0
"ZWE2019MICS","ZWE","Zimbabwe","2019","MICS","30-34",6.67,5.42,8.18,0
"ZWE2019MICS","ZWE","Zimbabwe","2019","MICS","35-39",5.8,4.58,7.34,0
"ZWE2019MICS","ZWE","Zimbabwe","2019","MICS","40-44",3.87,2.69,5.52,0
"ZWE2019MICS","ZWE","Zimbabwe","2019","MICS","45-49",4.23,2.91,6.1,0
"ZWE2019MICS","ZWE","Zimbabwe","2019","MICS","15-19",1.91,1.14,3.19,1
"ZWE2019MICS","ZWE","Zimbabwe","2019","MICS","20-24",7.31,5.31,9.98,1
"ZWE2019MICS","ZWE","Zimbabwe","2019","MICS","25-29",8.17,5.65,11.67,1
"ZWE2019MICS","ZWE","Zimbabwe","2019","MICS","30-34",6.83,4.66,9.91,1
"ZWE2019MICS","ZWE","Zimbabwe","2019","MICS","35-39",7.23,4.89,10.57,1
"ZWE2019MICS","ZWE","Zimbabwe","2019","MICS","40-44",4.41,2.89,6.67,1
"ZWE2019MICS","ZWE","Zimbabwe","2019","MICS","45-49",4.21,2.32,7.52,1
"ZWE2020PHIA","ZWE","Zimbabwe","2020","PHIA","15-19",4.13,3.13,5.44,0
"ZWE2020PHIA","ZWE","Zimbabwe","2020","PHIA","20-24",7.9,6.44,9.65,0
"ZWE2020PHIA","ZWE","Zimbabwe","2020","PHIA","25-29",9.5,7.77,11.56,0
"ZWE2020PHIA","ZWE","Zimbabwe","2020","PHIA","30-34",8.6,6.88,10.69,0
"ZWE2020PHIA","ZWE","Zimbabwe","2020","PHIA","35-39",6.45,4.97,8.34,0
"ZWE2020PHIA","ZWE","Zimbabwe","2020","PHIA","40-44",6.13,4.58,8.15,0
"ZWE2020PHIA","ZWE","Zimbabwe","2020","PHIA","45-49",4.46,3.21,6.17,0
"ZWE2020PHIA","ZWE","Zimbabwe","2020","PHIA","50-54",4.67,3.09,7.01,0
"ZWE2020PHIA","ZWE","Zimbabwe","2020","PHIA","55-59",3.24,2.06,5.05,0
"ZWE2020PHIA","ZWE","Zimbabwe","2020","PHIA","60-64",1.71,0.88,3.27,0
"ZWE2020PHIA","ZWE","Zimbabwe","2020","PHIA","65+",1.76,1.09,2.84,0
"ZWE2020PHIA","ZWE","Zimbabwe","2020","PHIA","15-19",3.02,2.25,4.04,1
"ZWE2020PHIA","ZWE","Zimbabwe","2020","PHIA","20-24",8.37,6.7,10.4,1
"ZWE2020PHIA","ZWE","Zimbabwe","2020","PHIA","25-29",8.48,6.45,11.06,1
"ZWE2020PHIA","ZWE","Zimbabwe","2020","PHIA","30-34",9.17,7,11.95,1
"ZWE2020PHIA","ZWE","Zimbabwe","2020","PHIA","35-39",7.59,5.65,10.12,1
"ZWE2020PHIA","ZWE","Zimbabwe","2020","PHIA","40-44",7.61,5.53,10.38,1
"ZWE2020PHIA","ZWE","Zimbabwe","2020","PHIA","45-49",4.85,3.27,7.14,1
"ZWE2020PHIA","ZWE","Zimbabwe","2020","PHIA","50-54",4.5,2.66,7.51,1
"ZWE2020PHIA","ZWE","Zimbabwe","2020","PHIA","55-59",3.11,1.77,5.42,1
"ZWE2020PHIA","ZWE","Zimbabwe","2020","PHIA","60-64",2.54,1.31,4.88,1
"ZWE2020PHIA","ZWE","Zimbabwe","2020","PHIA","65+",2.08,1.32,3.27,1
